[{"model": "QR.store", "pk": 1, "fields": {"name": "miajoe", "slug": "miajoe"}}, {"model": "QR.store", "pk": 2, "fields": {"name": "beluga", "slug": "beluga"}}, {"model": "QR.store", "pk": 3, "fields": {"name": "patio", "slug": "patio"}}, {"model": "QR.table", "pk": 40, "fields": {"store": 1, "table_no": 1}}, {"model": "QR.table", "pk": 41, "fields": {"store": 1, "table_no": 2}}, {"model": "QR.table", "pk": 45, "fields": {"store": 2, "table_no": 1}}, {"model": "QR.item", "pk": 2, "fields": {"name": "Coca Cola 0,5l", "price": 450, "image": "refrigerante-coca-cola-sabor-original-350ml-e5f2e9df43.webp", "categorie": "Boissons", "description": "Boisson coca cola", "store": [1, 2]}}, {"model": "QR.item", "pk": 10, "fields": {"name": "Margharita", "price": 4500, "image": "pizza_margharita.webp", "categorie": "Pizza", "description": "Liste des ingrédients", "store": [1, 2, 3]}}, {"model": "QR.item", "pk": 11, "fields": {"name": "Reine", "price": 5500, "image": "pizza-reine.webp", "categorie": "Pizza", "description": "Liste des ingrédients", "store": [1, 2, 3]}}, {"model": "QR.item", "pk": 12, "fields": {"name": "Lorraine", "price": 6000, "image": "pizza_lorraine.jpeg", "categorie": "Pizza", "description": "Liste des ingrédients", "store": [1, 2, 3]}}, {"model": "QR.item", "pk": 13, "fields": {"name": "Margot", "price": 6000, "image": "pizza_margot.jpeg", "categorie": "Pizza", "description": "Liste des ingrédients", "store": [1, 2, 3]}}, {"model": "QR.item", "pk": 14, "fields": {"name": "4 Fromages", "price": 8000, "image": "pizza-4-fromages.jpg", "categorie": "Pizza", "description": "Liste des ingrédients", "store": [1, 2, 3]}}, {"model": "QR.item", "pk": 15, "fields": {"name": "4 Saisons", "price": 9500, "image": "pizza-4-saisons.jpeg", "categorie": "Pizza", "description": "Liste des ingrédients", "store": [1, 2, 3]}}, {"model": "QR.item", "pk": 16, "fields": {"name": "Savoyarde", "price": 9500, "image": "pizza-savoyarde.jpeg", "categorie": "Pizza", "description": "Liste des ingrédients", "store": [1, 2, 3]}}, {"model": "QR.item", "pk": 17, "fields": {"name": "L'américaine", "price": 10500, "image": "Pizza_Americaine.png", "categorie": "Pizza", "description": "Liste des ingrédients", "store": [1, 2, 3]}}, {"model": "QR.item", "pk": 18, "fields": {"name": "Salade de chèvre chaud", "price": 5000, "image": "salade_de_chevre_chaud.jpeg", "categorie": "Salades", "description": "Liste des ingrédients", "store": [1, 2, 3]}}, {"model": "QR.item", "pk": 19, "fields": {"name": "Salade Nicoise", "price": 4500, "image": "salade-nicoise-rapide.jpeg", "categorie": "Salades", "description": "Liste des ingrédients", "store": [1, 2, 3]}}, {"model": "QR.item", "pk": 20, "fields": {"name": "Salade Avocat Crevette", "price": 4500, "image": "Salade-avocat-aux-crevettes.jpg", "categorie": "Salades", "description": "Liste des ingrédients", "store": [1, 2, 3]}}, {"model": "QR.item", "pk": 21, "fields": {"name": "Salade de pate au thon frais", "price": 5500, "image": "salade_au_thon_frais.jpeg", "categorie": "Salades", "description": "Liste des ingrédients", "store": [1, 2, 3]}}, {"model": "QR.item", "pk": 22, "fields": {"name": "Salade Cesear", "price": 4000, "image": "i135580-salade-cesar-allegee.jpeg", "categorie": "Salades", "description": "Liste des ingrédients", "store": [1, 2, 3]}}, {"model": "QR.item", "pk": 23, "fields": {"name": "Salade Grecque", "price": 4000, "image": "salade_grecque.jpeg", "categorie": "Salades", "description": "Liste des ingrédients", "store": [1, 2, 3]}}, {"model": "QR.item", "pk": 24, "fields": {"name": "Cheese Burger", "price": 4500, "image": "Stack-of-cheeseburgers.webp", "categorie": "Burgers", "description": "Liste des ingrédients", "store": [1, 2, 3]}}, {"model": "QR.item", "pk": 25, "fields": {"name": "Chicken Burger", "price": 4500, "image": "Crispy-Chicken-Burger-square-FS-4518.jpg", "categorie": "Burgers", "description": "Liste des ingrédients", "store": [1, 2, 3]}}, {"model": "QR.item", "pk": 26, "fields": {"name": "Fish Burger", "price": 5000, "image": "Crispy-Fish-Burger-Recipe-9.jpg", "categorie": "Burgers", "description": "Liste des ingrédients", "store": [1, 2, 3]}}, {"model": "QR.item", "pk": 27, "fields": {"name": "Spicy Chicken Burger", "price": 5000, "image": "blog-200225-Spicy-Chicken-Burger-14686.webp", "categorie": "Burgers", "description": "Liste des ingrédients", "store": [1, 2, 3]}}, {"model": "QR.item", "pk": 28, "fields": {"name": "Double Cheese Burger", "price": 4000, "image": "Double-Cheeseburger-square-FS-42.webp", "categorie": "Burgers", "description": "Liste des ingrédients", "store": [1, 2, 3]}}, {"model": "QR.item", "pk": 29, "fields": {"name": "Texan Burger", "price": 5000, "image": "texan-burger1.jpg", "categorie": "Burgers", "description": "Liste des ingrédients", "store": [1, 2, 3]}}, {"model": "QR.item", "pk": 30, "fields": {"name": "Veggy Burger", "price": 4000, "image": "easy-vegan-black-bean-veggie-burgers-3377008-hero-05-f7c0f0d9865e48b6be52a4c76ee22438.jpg", "categorie": "Burgers", "description": "Liste des ingrédients", "store": [1, 2, 3]}}, {"model": "QR.item", "pk": 31, "fields": {"name": "Pan Bagnat au Thon / Poulet", "price": 5000, "image": "pain_bagnat.jpeg", "categorie": "Sandwichs", "description": "Liste des ingrédients", "store": [1, 2, 3]}}, {"model": "QR.item", "pk": 32, "fields": {"name": "Club Mexicain", "price": 5000, "image": "mexican-style-club-sandwich-119832-2.jpg", "categorie": "Sandwichs", "description": "Liste des ingrédients", "store": [1, 2, 3]}}, {"model": "QR.item", "pk": 33, "fields": {"name": "Croque Madame & sa Salad Verte", "price": 4000, "image": "croque_madame.jpeg", "categorie": "Sandwichs", "description": "Liste des ingrédients", "store": [1, 2, 3]}}, {"model": "QR.item", "pk": 34, "fields": {"name": "American Savoyard", "price": 5000, "image": "savoyard.jpeg", "categorie": "Sandwichs", "description": "Liste des ingrédients", "store": [1, 2, 3]}}, {"model": "QR.item", "pk": 35, "fields": {"name": "Wrap Marin", "price": 5000, "image": "sous_marin.jpeg", "categorie": "Sandwichs", "description": "Liste des ingrédients", "store": [1, 2, 3]}}, {"model": "QR.item", "pk": 36, "fields": {"name": "Eau minéral 0,5l", "price": 1000, "image": "eau_mineral.png", "categorie": "Boissons", "description": "Liste des ingrédients", "store": [1, 2, 3]}}, {"model": "QR.item", "pk": 37, "fields": {"name": "Coca Cola 0,5l", "price": 400, "image": "coca-cola-original-20oz.png", "categorie": "Boissons", "description": "Liste des ingrédients", "store": [1, 2, 3]}}, {"model": "QR.item", "pk": 38, "fields": {"name": "Blue Turtle", "price": 5000, "image": "blue_tortle.jpeg", "categorie": "Boissons", "description": "Liste des ingrédients", "store": [1, 2, 3]}}, {"model": "QR.item", "pk": 39, "fields": {"name": "Parfum de femme", "price": 3500, "image": "parfum-de-femme1.png", "categorie": "Boissons", "description": "Liste des ingrédients", "store": [1, 2, 3]}}, {"model": "QR.item", "pk": 40, "fields": {"name": "Chill Citron", "price": 500, "image": "chill-boutelle-bb-lome.png", "categorie": "Boissons", "description": "Liste des ingrédients", "store": [1, 2, 3]}}, {"model": "QR.orderitem", "pk": 67, "fields": {"table": 40, "name": "L'américaine", "price": "10500", "quantity": 1}}, {"model": "QR.orderitem", "pk": 68, "fields": {"table": 40, "name": "Savoyarde", "price": "9500", "quantity": 1}}, {"model": "QR.orderitem", "pk": 69, "fields": {"table": 40, "name": "4 Saisons", "price": "9500", "quantity": 1}}, {"model": "QR.orderitem", "pk": 70, "fields": {"table": 40, "name": "4 Fromages", "price": "8000", "quantity": 1}}, {"model": "QR.orderitem", "pk": 72, "fields": {"table": 41, "name": "Margharita", "price": "4000", "quantity": 1}}, {"model": "QR.orderitem", "pk": 73, "fields": {"table": 41, "name": "L'américaine", "price": "10500", "quantity": 1}}, {"model": "QR.orderitem", "pk": 76, "fields": {"table": 40, "name": "Margharita", "price": "4000", "quantity": 1}}, {"model": "QR.orderitem", "pk": 77, "fields": {"table": 40, "name": "L'américaine", "price": "10500", "quantity": 1}}, {"model": "QR.orderitem", "pk": 78, "fields": {"table": 40, "name": "Salade de chèvre chaud", "price": "5000", "quantity": 1}}, {"model": "QR.orderitem", "pk": 79, "fields": {"table": 40, "name": "Coca Cola 0,5l", "price": "450", "quantity": 1}}, {"model": "QR.orderitem", "pk": 100, "fields": {"table": 45, "name": "Margharita", "price": "4000", "quantity": 2}}, {"model": "QR.orderitem", "pk": 101, "fields": {"table": 45, "name": "Reine", "price": "5500", "quantity": 1}}, {"model": "QR.orderitem", "pk": 102, "fields": {"table": 40, "name": "4 Fromages", "price": "8000", "quantity": 1}}, {"model": "QR.orderitem", "pk": 103, "fields": {"table": 40, "name": "Margharita", "price": "4500", "quantity": 1}}, {"model": "QR.orderitem", "pk": 104, "fields": {"table": 40, "name": "Margot", "price": "6000", "quantity": 1}}, {"model": "QR.orderitem", "pk": 105, "fields": {"table": 40, "name": "Margharita", "price": "4500", "quantity": 1}}, {"model": "QR.orderitem", "pk": 106, "fields": {"table": 40, "name": "Parfum de femme", "price": "3500", "quantity": 3}}, {"model": "QR.orderitem", "pk": 107, "fields": {"table": 40, "name": "Margharita", "price": "4500", "quantity": 1}}, {"model": "QR.orderitem", "pk": 108, "fields": {"table": 40, "name": "Spicy Chicken Burger", "price": "5000", "quantity": 5}}, {"model": "QR.orderitem", "pk": 109, "fields": {"table": 40, "name": "Club Mexicain", "price": "5000", "quantity": 1}}, {"model": "QR.orderitem", "pk": 110, "fields": {"table": 40, "name": "Pan Bagnat au Thon / Poulet", "price": "5000", "quantity": 5}}, {"model": "QR.orderitem", "pk": 111, "fields": {"table": 40, "name": "Veggy Burger", "price": "4000", "quantity": 1}}, {"model": "QR.orderitem", "pk": 112, "fields": {"table": 40, "name": "Double Cheese Burger", "price": "4000", "quantity": 1}}, {"model": "QR.orderitem", "pk": 113, "fields": {"table": 40, "name": "4 Saisons", "price": "9500", "quantity": 3}}, {"model": "QR.orderitem", "pk": 114, "fields": {"table": 40, "name": "Savoyarde", "price": "9500", "quantity": 4}}, {"model": "QR.orderitem", "pk": 115, "fields": {"table": 40, "name": "L'américaine", "price": "10500", "quantity": 1}}, {"model": "QR.orderitem", "pk": 116, "fields": {"table": 40, "name": "Margot", "price": "6000", "quantity": 14}}, {"model": "QR.orderitem", "pk": 117, "fields": {"table": 40, "name": "Chill Citron", "price": "500", "quantity": 1}}, {"model": "QR.orderitem", "pk": 118, "fields": {"table": 40, "name": "Chill Citron", "price": "500", "quantity": 3}}, {"model": "QR.orderitem", "pk": 119, "fields": {"table": 40, "name": "Eau minéral 0,5l", "price": "1000", "quantity": 1}}, {"model": "QR.orderitem", "pk": 120, "fields": {"table": 40, "name": "Blue Turtle", "price": "5000", "quantity": 1}}, {"model": "QR.orderitem", "pk": 121, "fields": {"table": 40, "name": "Margharita", "price": "4500", "quantity": 20}}, {"model": "QR.orderitem", "pk": 122, "fields": {"table": 40, "name": "Margharita", "price": "4500", "quantity": 1}}, {"model": "QR.orderitem", "pk": 123, "fields": {"table": 40, "name": "Reine", "price": "5500", "quantity": 1}}, {"model": "QR.orderitem", "pk": 124, "fields": {"table": 40, "name": "Margharita", "price": "4500", "quantity": 11}}, {"model": "QR.orderitem", "pk": 125, "fields": {"table": 40, "name": "Margharita", "price": "4500", "quantity": 1}}, {"model": "QR.orderitem", "pk": 126, "fields": {"table": 40, "name": "4 Saisons", "price": "9500", "quantity": 1}}, {"model": "QR.orderitem", "pk": 127, "fields": {"table": 40, "name": "4 Fromages", "price": "8000", "quantity": 12}}, {"model": "QR.orderitem", "pk": 128, "fields": {"table": 40, "name": "4 Saisons", "price": "9500", "quantity": 15}}, {"model": "QR.orderitem", "pk": 129, "fields": {"table": 40, "name": "Margharita", "price": "4500", "quantity": 1}}, {"model": "QR.orderitem", "pk": 130, "fields": {"table": 40, "name": "Margharita", "price": "4500", "quantity": 1}}, {"model": "QR.orderitem", "pk": 131, "fields": {"table": 40, "name": "Margharita", "price": "4500", "quantity": 1}}, {"model": "QR.orderitem", "pk": 132, "fields": {"table": 40, "name": "Margharita", "price": "4500", "quantity": 1}}, {"model": "QR.orderitem", "pk": 133, "fields": {"table": 40, "name": "Reine", "price": "5500", "quantity": 6}}, {"model": "QR.orderitem", "pk": 134, "fields": {"table": 40, "name": "Margharita", "price": "4500", "quantity": 7}}, {"model": "QR.orderitem", "pk": 135, "fields": {"table": 40, "name": "4 Saisons", "price": "9500", "quantity": 2}}, {"model": "QR.orderitem", "pk": 136, "fields": {"table": 40, "name": "Margot", "price": "6000", "quantity": 2}}, {"model": "QR.orderitem", "pk": 137, "fields": {"table": 40, "name": "Margharita", "price": "4500", "quantity": 1}}, {"model": "QR.orderitem", "pk": 138, "fields": {"table": 40, "name": "Margharita", "price": "4500", "quantity": 1}}, {"model": "QR.orderitem", "pk": 139, "fields": {"table": 40, "name": "Reine", "price": "5500", "quantity": 1}}, {"model": "QR.orderitem", "pk": 140, "fields": {"table": 40, "name": "Margharita", "price": "4500", "quantity": 1}}]